"","activity_identifier","activity_start_date","result_measure_measure_unit_code","monitoring_location_name","hardness"
"1","KENAI_WQX-10000002_04/10/2002_10:40:00","2002-04-10","mg/l","KBL_m_01.5",1618.18645
"2","KENAI_WQX-10000002_04/11/2001_13:45:00","2001-04-11","mg/l","KBL_m_01.5",391.8147
"3","KENAI_WQX-10000002_04/22/2008_11:05:00","2008-04-22","mg/l","KBL_m_01.5",1233.8808
"4","KENAI_WQX-10000002_04/26/2005_11:10:00","2005-04-26","mg/l","KBL_m_01.5",716.6158
"5","KENAI_WQX-10000002_04/27/2004_05:25:00","2004-04-27","mg/l","KBL_m_01.5",645.5898
"6","KENAI_WQX-10000002_04/29/2003_08:15:00","2003-04-29","mg/l","KBL_m_01.5",2450.27
"7","KENAI_WQX-10000002_05/01/2007_09:10:00","2007-05-01","mg/l","KBL_m_01.5",1722.936
"8","KENAI_WQX-10000002_07/16/2002_13:45:00","2002-07-16","mg/l","KBL_m_01.5",122.05328
"9","KENAI_WQX-10000002_07/17/2007_11:30:00","2007-07-17","mg/l","KBL_m_01.5",78.7816
"10","KENAI_WQX-10000002_07/17/2007_12:24:00","2007-07-17","mg/l","KBL_m_01.5",26.862784
"11","KENAI_WQX-10000002_07/18/2000_10:48:00","2000-07-18","mg/l","KBL_m_01.5",50.4587
"12","KENAI_WQX-10000002_07/20/2004_13:20:00","2004-07-20","mg/l","KBL_m_01.5",59.15468
"13","KENAI_WQX-10000002_07/22/2003_07:45:00","2003-07-22","mg/l","KBL_m_01.5",35.6794
"14","KENAI_WQX-10000002_07/26/2005_14:50:00","2005-07-26","mg/l","KBL_m_01.5",43.7445
"15","KENAI_WQX-10000002_07/29/2008_09:30:00","2008-07-29","mg/l","KBL_m_01.5",61.26945
"16","KENAI_WQX-10000002_2001-07-24_11:18:00","2001-07-24","mg/l","KBL_m_01.5",70.3558
"17","KENAI_WQX-10000002_2006-04-25_09:41:00","2006-04-25","mg/l","KBL_m_01.5",566.4538
"18","KENAI_WQX-10000002_2006-07-25_09:05:00","2006-07-25","mg/l","KBL_m_01.5",84.6976
"19","KENAI_WQX-10000002_2006-07-25_09:35:00","2006-07-25","mg/l","KBL_m_01.5",58.8717
"20","KENAI_WQX-10000002_2009-04-28_11:35:00","2009-04-28","mg/l","KBL_m_01.5",712.3709
"21","KENAI_WQX-10000002_2009-07-21_10:45:00","2009-07-21","mg/l","KBL_m_01.5",97.7546
"22","KENAI_WQX-10000002_2009-07-21_11:14:00","2009-07-21","mg/l","KBL_m_01.5",93.6484
"23","KENAI_WQX-10000002_2010-04-27_09:47:00","2010-04-27","mg/l","KBL_m_01.5",566.9553
"24","KENAI_WQX-10000002_2010-07-27_10:55:00","2010-07-27","mg/l","KBL_m_01.5",122.2082
"25","KENAI_WQX-10000002_2010-07-27_11:43:00","2010-07-27","mg/l","KBL_m_01.5",87.2074
"26","KENAI_WQX-10000002_2011-04-26_09:15:00","2011-04-26","mg/l","KBL_m_01.5",2831.736
"27","KENAI_WQX-10000002_2012-05-01_08:55","2012-05-01","mg/l","KBL_m_01.5",965.7618
"28","KENAI_WQX-10000002_2012/07/31_09:05:00","2012-07-31","mg/l","KBL_m_01.5",NA
"29","KENAI_WQX-10000002_2012/07/31_09:34:00","2012-07-31","mg/l","KBL_m_01.5",57.15685
"30","KENAI_WQX-10000002_2013/05/07_12:10","2013-05-07","mg/l","KBL_m_01.5",163.65
"31","KENAI_WQX-10000005_04/10/2002_11:31:00","2002-04-10","mg/l","KBL_m_06.5",80.31394
"32","KENAI_WQX-10000005_04/10/2002_12:00:00","2002-04-10","mg/l","KBL_m_06.5",81.24658
"33","KENAI_WQX-10000005_04/11/2001_12:45:00","2001-04-11","mg/l","KBL_m_06.5",121.0984
"34","KENAI_WQX-10000005_04/22/2008_11:27:00","2008-04-22","mg/l","KBL_m_06.5",187.9798
"35","KENAI_WQX-10000005_04/26/2005_13:15:00","2005-04-26","mg/l","KBL_m_06.5",148.0234
"36","KENAI_WQX-10000005_04/27/2004_06:40:00","2004-04-27","mg/l","KBL_m_06.5",30.63374
"37","KENAI_WQX-10000005_04/27/2004_06:50:00","2004-04-27","mg/l","KBL_m_06.5",29.35301
"38","KENAI_WQX-10000005_04/29/2003_07:45:00","2003-04-29","mg/l","KBL_m_06.5",104.234
"39","KENAI_WQX-10000005_05/01/2007_09:40:00","2007-05-01","mg/l","KBL_m_06.5",118.8895
"40","KENAI_WQX-10000005_05/01/2007_10:15:00","2007-05-01","mg/l","KBL_m_06.5",95.6716
"41","KENAI_WQX-10000005_07/16/2002_14:15:00","2002-07-16","mg/l","KBL_m_06.5",43.04194
"42","KENAI_WQX-10000005_07/16/2002_14:25:00","2002-07-16","mg/l","KBL_m_06.5",44.41038
"43","KENAI_WQX-10000005_07/17/2007_12:05:00","2007-07-17","mg/l","KBL_m_06.5",61.95212
"44","KENAI_WQX-10000005_07/18/2000_11:30:00","2000-07-18","mg/l","KBL_m_06.5",30.11214
"45","KENAI_WQX-10000005_07/20/2004_10:30:00","2004-07-20","mg/l","KBL_m_06.5",47.10928
"46","KENAI_WQX-10000005_07/20/2004_10:40:00","2004-07-20","mg/l","KBL_m_06.5",44.84895
"47","KENAI_WQX-10000005_07/22/2003_07:30:00","2003-07-22","mg/l","KBL_m_06.5",32.7961
"48","KENAI_WQX-10000005_07/25/2006_11:00:00","2006-07-25","mg/l","KBL_m_06.5",34.12442
"49","KENAI_WQX-10000005_07/26/2005_14:48:00","2005-07-26","mg/l","KBL_m_06.5",27.138501
"50","KENAI_WQX-10000005_07/29/2008_09:30:00","2008-07-29","mg/l","KBL_m_06.5",31.2488
"51","KENAI_WQX-10000005_2001-07-24_10:40:00","2001-07-24","mg/l","KBL_m_06.5",31.9979
"52","KENAI_WQX-10000005_2006-04-25_09:41:00","2006-04-25","mg/l","KBL_m_06.5",260.8156
"53","KENAI_WQX-10000005_2009-04-28_12:00:00","2009-04-28","mg/l","KBL_m_06.5",185.9694
"54","KENAI_WQX-10000005_2009-07-21_10:45:00","2009-07-21","mg/l","KBL_m_06.5",32.66206
"55","KENAI_WQX-10000005_2010-04-27_11:10:00","2010-04-27","mg/l","KBL_m_06.5",127.6525
"56","KENAI_WQX-10000005_2010-07-27_10:35:00","2010-07-27","mg/l","KBL_m_06.5",30.47559
"57","KENAI_WQX-10000005_2010-07-27_10:45:00","2010-07-27","mg/l","KBL_m_06.5",28.59558
"58","KENAI_WQX-10000005_2011-04-26_08:49:00","2011-04-26","mg/l","KBL_m_06.5",40.3981
"59","KENAI_WQX-10000005_2012-05-01_09:10","2012-05-01","mg/l","KBL_m_06.5",30.00607
"60","KENAI_WQX-10000005_2012/07/31_08:58:00","2012-07-31","mg/l","KBL_m_06.5",29.988944
"61","KENAI_WQX-10000005_2013/05/07_09:10","2013-05-07","mg/l","KBL_m_06.5",45.565
"62","KENAI_WQX-10000008_04/10/2002_10:10:00","2002-04-10","mg/l","KBL_t_00.0",42.03588
"63","KENAI_WQX-10000008_04/11/2001_14:15:00","2001-04-11","mg/l","KBL_t_00.0",35.01675
"64","KENAI_WQX-10000008_04/22/2008_09:20:00","2008-04-22","mg/l","KBL_t_00.0",43.004925
"65","KENAI_WQX-10000008_04/26/2005_11:35:00","2005-04-26","mg/l","KBL_t_00.0",16.96298
"66","KENAI_WQX-10000008_04/27/2004_06:30:00","2004-04-27","mg/l","KBL_t_00.0",28.84744
"67","KENAI_WQX-10000008_04/29/2003_09:15:00","2003-04-29","mg/l","KBL_t_00.0",57.5613
"68","KENAI_WQX-10000008_05/01/2007_09:49:00","2007-05-01","mg/l","KBL_t_00.0",35.58103
"69","KENAI_WQX-10000008_05/01/2007_10:15:00","2007-05-01","mg/l","KBL_t_00.0",35.71463
"70","KENAI_WQX-10000008_07/16/2002_13:00:00","2002-07-16","mg/l","KBL_t_00.0",45.80465
"71","KENAI_WQX-10000008_07/17/2007_09:50:00","2007-07-17","mg/l","KBL_t_00.0",73.05619
"72","KENAI_WQX-10000008_07/18/2000_12:59:00","2000-07-18","mg/l","KBL_t_00.0",49.6733
"73","KENAI_WQX-10000008_07/20/2004_09:30:00","2004-07-20","mg/l","KBL_t_00.0",51.21525
"74","KENAI_WQX-10000008_07/22/2003_06:30:00","2003-07-22","mg/l","KBL_t_00.0",50.5846
"75","KENAI_WQX-10000008_07/22/2003_06:40:00","2003-07-22","mg/l","KBL_t_00.0",50.5846
"76","KENAI_WQX-10000008_07/25/2006_10:11:00","2006-07-25","mg/l","KBL_t_00.0",49.87925
"77","KENAI_WQX-10000008_07/26/2005_13:48:00","2005-07-26","mg/l","KBL_t_00.0",57.0384
"78","KENAI_WQX-10000008_07/29/2008_08:54:00","2008-07-29","mg/l","KBL_t_00.0",50.18829
"79","KENAI_WQX-10000008_2001-07-24_13:37:00","2001-07-24","mg/l","KBL_t_00.0",69.1713
"80","KENAI_WQX-10000008_2006-04-25_10:29:00","2006-04-25","mg/l","KBL_t_00.0",33.29296
"81","KENAI_WQX-10000008_2009-04-28_10:10:00","2009-04-28","mg/l","KBL_t_00.0",33.694515
"82","KENAI_WQX-10000008_2009-07-21_09:57:00","2009-07-21","mg/l","KBL_t_00.0",53.21564
"83","KENAI_WQX-10000008_2010-04-27_08:56:00","2010-04-27","mg/l","KBL_t_00.0",127.3495
"84","KENAI_WQX-10000008_2010-04-27_09:11:00","2010-04-27","mg/l","KBL_t_00.0",124.129
"85","KENAI_WQX-10000008_2010-07-27_10:12:00","2010-07-27","mg/l","KBL_t_00.0",43.71401
"86","KENAI_WQX-10000008_2011-04-26_10:00:00","2011-04-26","mg/l","KBL_t_00.0",38.412155
"87","KENAI_WQX-10000008_2012-05-01_09:40","2012-05-01","mg/l","KBL_t_00.0",28.31197
"88","KENAI_WQX-10000008_2012-05-01_10:00","2012-05-01","mg/l","KBL_t_00.0",28.82631
"89","KENAI_WQX-10000008_2012/07/31_09:05:00","2012-07-31","mg/l","KBL_m_01.5",NA
"90","KENAI_WQX-10000008_2012/07/31_10:25:00","2012-07-31","mg/l","KBL_t_00.0",50.87805
"91","KENAI_WQX-10000008_2013/05/07_10:20","2013-05-07","mg/l","KBL_t_00.0",11.61
"92","KENAI_WQX-10000008_2013/05/07_10:35","2013-05-07","mg/l","KBL_t_00.0",11.61
"93","KENAI_WQX-10000015_04/10/2002_08:45:00","2002-04-10","mg/l","KBL_t_10.0",63.44394
"94","KENAI_WQX-10000015_04/10/2002_09:10:00","2002-04-10","mg/l","KBL_t_10.0",64.59384
"95","KENAI_WQX-10000015_04/22/2008_11:27:00","2008-04-22","mg/l","KBL_t_10.0",54.17348
"96","KENAI_WQX-10000015_04/26/2005_12:10:00","2005-04-26","mg/l","KBL_t_10.0",32.37952
"97","KENAI_WQX-10000015_04/27/2004_12:45:00","2004-04-27","mg/l","KBL_t_10.0",30.15633
"98","KENAI_WQX-10000015_04/29/2003_11:20:00","2003-04-29","mg/l","KBL_t_10.0",56.8143
"99","KENAI_WQX-10000015_05/01/2007_10:55:00","2007-05-01","mg/l","KBL_t_10.0",49.01682
"100","KENAI_WQX-10000015_07/16/2002_13:46:00","2002-07-16","mg/l","KBL_t_10.0",64.39173
"101","KENAI_WQX-10000015_07/16/2002_14:06:00","2002-07-16","mg/l","KBL_t_10.0",67.74988
"102","KENAI_WQX-10000015_07/17/2007_11:05:00","2007-07-17","mg/l","KBL_t_10.0",59.29548
"103","KENAI_WQX-10000015_07/20/2004_10:40:00","2004-07-20","mg/l","KBL_t_10.0",80.55139
"104","KENAI_WQX-10000015_07/22/2003_09:00:00","2003-07-22","mg/l","KBL_t_10.0",70.9469
"105","KENAI_WQX-10000015_07/25/2006_10:05:00","2006-07-25","mg/l","KBL_t_10.0",67.04944
"106","KENAI_WQX-10000015_07/26/2005_14:02:00","2005-07-26","mg/l","KBL_t_10.0",71.83214
"107","KENAI_WQX-10000015_07/29/2008_10:15:00","2008-07-29","mg/l","KBL_t_10.0",44.02515
"108","KENAI_WQX-10000015_2006-04-25_13:36:00","2006-04-25","mg/l","KBL_t_10.0",31.67033
"109","KENAI_WQX-10000015_2009-04-28_11:30:00","2009-04-28","mg/l","KBL_t_10.0",38.28719
"110","KENAI_WQX-10000015_2009-07-21_11:20:00","2009-07-21","mg/l","KBL_t_10.0",55.16135
"111","KENAI_WQX-10000015_2010-04-27_10:45:00","2010-04-27","mg/l","KBL_t_10.0",75.37796
"112","KENAI_WQX-10000015_2010-07-27_10:03:00","2010-07-27","mg/l","KBL_t_10.0",52.40441
"113","KENAI_WQX-10000015_2011-04-26_09:21:00","2011-04-26","mg/l","KBL_t_10.0",46.76696
"114","KENAI_WQX-10000015_2012-05-01_09:41","2012-05-01","mg/l","KBL_t_10.0",23.26012
"115","KENAI_WQX-10000015_2012/07/31_09:35:00","2012-07-31","mg/l","KBL_t_10.0",56.45337
"116","KENAI_WQX-10000015_2013/05/07_09:55","2013-05-07","mg/l","KBL_t_10.0",23.22
"117","KENAI_WQX-10000015_2013/05/07_11:15","2013-05-07","mg/l","KBL_m_10.1",NA
"118","KENAI_WQX-10000016_04/11/2001_10:40:00","2001-04-11","mg/l","KBL_m_10.1",75.7126
"119","KENAI_WQX-10000016_04/22/2008_12:53:00","2008-04-22","mg/l","KBL_m_10.1",34.83489
"120","KENAI_WQX-10000016_04/26/2005_11:30:00","2005-04-26","mg/l","KBL_m_10.1",45.5415
"121","KENAI_WQX-10000016_04/27/2004_13:05:00","2004-04-27","mg/l","KBL_m_10.1",29.47423
"122","KENAI_WQX-10000016_04/29/2003_11:36:00","2003-04-29","mg/l","KBL_m_10.1",31.1485
"123","KENAI_WQX-10000016_05/01/2007_11:25:00","2007-05-01","mg/l","KBL_m_10.1",28.96501
"124","KENAI_WQX-10000016_07/16/2002_13:02:00","2002-07-16","mg/l","KBL_m_10.1",30.42244
"125","KENAI_WQX-10000016_07/17/2007_11:30:00","2007-07-17","mg/l","KBL_m_10.1",27.892232
"126","KENAI_WQX-10000016_07/18/2000_12:00:00","2000-07-18","mg/l","KBL_m_10.1",30.16229
"127","KENAI_WQX-10000016_07/20/2004_11:15:00","2004-07-20","mg/l","KBL_m_10.1",30.46107
"128","KENAI_WQX-10000016_07/20/2004_11:25:00","2004-07-20","mg/l","KBL_m_10.1",31.00166
"129","KENAI_WQX-10000016_07/22/2003_09:25:00","2003-07-22","mg/l","KBL_m_10.1",28.5021
"130","KENAI_WQX-10000016_07/22/2003_09:40:00","2003-07-22","mg/l","KBL_m_10.1",28.0902
"131","KENAI_WQX-10000016_07/25/2006_10:35:00","2006-07-25","mg/l","KBL_m_10.1",29.94887
"132","KENAI_WQX-10000016_07/26/2005_13:28:00","2005-07-26","mg/l","KBL_m_10.1",26.165951
"133","KENAI_WQX-10000016_07/29/2008_10:33:00","2008-07-29","mg/l","KBL_m_10.1",30.259239
"134","KENAI_WQX-10000016_2001-07-24_12:05:00","2001-07-24","mg/l","KBL_m_10.1",31.586
"135","KENAI_WQX-10000016_2006-04-25_13:14:00","2006-04-25","mg/l","KBL_m_10.1",38.67324
"136","KENAI_WQX-10000016_2009-04-28_11:10:00","2009-04-28","mg/l","KBL_m_10.1",31.96953
"137","KENAI_WQX-10000016_2009-07-21_11:50:00","2009-07-21","mg/l","KBL_m_10.1",31.79195
"138","KENAI_WQX-10000016_2010-04-27_10:24:00","2010-04-27","mg/l","KBL_m_10.1",46.41929
"139","KENAI_WQX-10000016_2010-07-27_9:41:00","2010-07-27","mg/l","KBL_m_10.1",27.87294
"140","KENAI_WQX-10000016_2011-04-26_09:45:00","2011-04-26","mg/l","KBL_m_10.1",33.75371
"141","KENAI_WQX-10000016_2012-05-01_10:03","2012-05-01","mg/l","KBL_m_10.1",30.08482
"142","KENAI_WQX-10000016_2012/07/31_09:59:00","2012-07-31","mg/l","KBL_m_10.1",29.623912
"143","KENAI_WQX-10000016_2013/05/07_11:15","2013-05-07","mg/l","KBL_m_10.1",NA
"144","KENAI_WQX-10000017_04/10/2002_12:45:00","2002-04-10","mg/l","KBL_m_12.5",38.86616
"145","KENAI_WQX-10000017_04/11/2001_14:20:00","2001-04-11","mg/l","KBL_m_12.5",35.6303
"146","KENAI_WQX-10000017_04/22/2008_09:47:00","2008-04-22","mg/l","KBL_m_12.5",34.92751
"147","KENAI_WQX-10000017_04/26/2005_11:10:00","2005-04-26","mg/l","KBL_m_12.5",35.5428
"148","KENAI_WQX-10000017_04/27/2004_10:40:00","2004-04-27","mg/l","KBL_m_12.5",31.13954
"149","KENAI_WQX-10000017_04/29/2003_12:50:00","2003-04-29","mg/l","KBL_m_12.5",30.7366
"150","KENAI_WQX-10000017_05/01/2007_11:50:00","2007-05-01","mg/l","KBL_m_12.5",28.96501
"151","KENAI_WQX-10000017_07/16/2002_12:30:00","2002-07-16","mg/l","KBL_m_12.5",29.48361
"152","KENAI_WQX-10000017_07/17/2007_10:20:00","2007-07-17","mg/l","KBL_m_12.5",33.34311
"153","KENAI_WQX-10000017_07/18/2000_12:25:00","2000-07-18","mg/l","KBL_m_12.5",29.52566
"154","KENAI_WQX-10000017_07/20/2004_10:50:00","2004-07-20","mg/l","KBL_m_12.5",29.304189
"155","KENAI_WQX-10000017_07/22/2003_10:10:00","2003-07-22","mg/l","KBL_m_12.5",28.3399
"156","KENAI_WQX-10000017_07/25/2006_09:20:00","2006-07-25","mg/l","KBL_m_12.5",30.52937
"157","KENAI_WQX-10000017_07/26/2005_13:02:00","2005-07-26","mg/l","KBL_m_12.5",26.053202
"158","KENAI_WQX-10000017_07/29/2008_10:50:00","2008-07-29","mg/l","KBL_m_12.5",28.230991
"159","KENAI_WQX-10000017_2001-07-24_10:00:00","2001-07-24","mg/l","KBL_m_12.5",29.002501
"160","KENAI_WQX-10000017_2006-04-25_11:51:00","2006-04-25","mg/l","KBL_m_12.5",35.74363
"161","KENAI_WQX-10000017_2009-04-28_10:40:00","2009-04-28","mg/l","KBL_m_12.5",30.00223
"162","KENAI_WQX-10000017_2009-07-21_10:00:00","2009-07-21","mg/l","KBL_m_12.5",30.62839
"163","KENAI_WQX-10000017_2010-04-27_09:55:00","2010-04-27","mg/l","KBL_m_12.5",34.18353
"164","KENAI_WQX-10000017_2010-07-27_9:15:00","2010-07-27","mg/l","KBL_m_12.5",27.961999
"165","KENAI_WQX-10000017_2011-04-26_10:03:00","2011-04-26","mg/l","KBL_m_12.5",31.43683
"166","KENAI_WQX-10000017_2012-05-01_10:22","2012-05-01","mg/l","KBL_m_12.5",30.17851
"167","KENAI_WQX-10000017_2012-05-01_10:26","2012-05-01","mg/l","KBL_m_12.5",30.06241
"168","KENAI_WQX-10000017_2012/07/31_10:24:00","2012-07-31","mg/l","KBL_m_12.5",29.702173
"169","KENAI_WQX-10000017_2013/05/07_10:17","2013-05-07","mg/l","KBL_m_12.5",30.711
"170","KENAI_WQX-10000018_04/10/2002_07:15:00","2002-04-10","mg/l","KBL_m_18.0",36.49699
"171","KENAI_WQX-10000018_04/11/2001_10:50:00","2001-04-11","mg/l","KBL_m_18.0",33.733
"172","KENAI_WQX-10000018_04/22/2008_10:28:00","2008-04-22","mg/l","KBL_m_18.0",30.70907
"173","KENAI_WQX-10000018_04/26/2005_10:10:00","2005-04-26","mg/l","KBL_m_18.0",35.16953
"174","KENAI_WQX-10000018_04/27/2004_10:25:00","2004-04-27","mg/l","KBL_m_18.0",30.70651
"175","KENAI_WQX-10000018_04/29/2003_12:19:00","2003-04-29","mg/l","KBL_m_18.0",30.7366
"176","KENAI_WQX-10000018_05/01/2007_12:20:00","2007-05-01","mg/l","KBL_m_18.0",29.03245
"177","KENAI_WQX-10000018_07/16/2002_11:49:00","2002-07-16","mg/l","KBL_m_18.0",29.71709
"178","KENAI_WQX-10000018_07/17/2007_09:35:00","2007-07-17","mg/l","KBL_m_18.0",27.593872
"179","KENAI_WQX-10000018_07/18/2000_13:10:00","2000-07-18","mg/l","KBL_m_18.0",29.72542
"180","KENAI_WQX-10000018_07/20/2004_10:18:00","2004-07-20","mg/l","KBL_m_18.0",29.743363
"181","KENAI_WQX-10000018_07/22/2003_10:30:00","2003-07-22","mg/l","KBL_m_18.0",27.63455
"182","KENAI_WQX-10000018_07/25/2006_08:50:00","2006-07-25","mg/l","KBL_m_18.0",30.03253
"183","KENAI_WQX-10000018_07/26/2005_12:20:00","2005-07-26","mg/l","KBL_m_18.0",26.797415
"184","KENAI_WQX-10000018_07/29/2008_11:15:00","2008-07-29","mg/l","KBL_m_18.0",28.963871
"185","KENAI_WQX-10000018_2001-07-24_09:40:00","2001-07-24","mg/l","KBL_m_18.0",31.211171
"186","KENAI_WQX-10000018_2006-04-25_11:06:00","2006-04-25","mg/l","KBL_m_18.0",35.88256
"187","KENAI_WQX-10000018_2009-04-28_09:40:00","2009-04-28","mg/l","KBL_m_18.0",29.53036
"188","KENAI_WQX-10000018_2009-07-21_09:00:00","2009-07-21","mg/l","KBL_m_18.0",30.66958
"189","KENAI_WQX-10000018_2010-04-27_09:10:00","2010-04-27","mg/l","KBL_m_18.0",36.26095
"190","KENAI_WQX-10000018_2010-07-27_8:45:00","2010-07-27","mg/l","KBL_m_18.0",26.99536
"191","KENAI_WQX-10000018_2011-04-26_10:48:00","2011-04-26","mg/l","KBL_m_18.0",31.85129
"192","KENAI_WQX-10000018_2012-05-01_11:06","2012-05-01","mg/l","KBL_m_18.0",30.34583
"193","KENAI_WQX-10000018_2012/07/31_10:51:00","2012-07-31","mg/l","KBL_m_18.0",30.315346
"194","KENAI_WQX-10000018_2013/05/07_11:05","2013-05-07","mg/l","KBL_m_18.0",30.711
"195","KENAI_WQX-10000020_04/10/2002_09:40:00","2002-04-10","mg/l","KBL_t_19.0",71.68897
"196","KENAI_WQX-10000020_04/11/2001_10:20:00","2001-04-11","mg/l","KBL_t_19.0",18.73841
"197","KENAI_WQX-10000020_04/22/2008_09:15:00","2008-04-22","mg/l","KBL_t_19.0",33.82138
"198","KENAI_WQX-10000020_04/26/2005_13:35:00","2005-04-26","mg/l","KBL_t_19.0",25.11388
"199","KENAI_WQX-10000020_04/27/2004_11:27:00","2004-04-27","mg/l","KBL_t_19.0",23.49232
"200","KENAI_WQX-10000020_04/29/2003_11:30:00","2003-04-29","mg/l","KBL_t_19.0",41.4716
"201","KENAI_WQX-10000020_07/16/2002_12:20:00","2002-07-16","mg/l","KBL_t_19.0",71.58439
"202","KENAI_WQX-10000020_07/17/2007_08:50:00","2007-07-17","mg/l","KBL_t_19.0",61.55604
"203","KENAI_WQX-10000020_07/18/2000_09:42:00","2000-07-18","mg/l","KBL_t_19.0",52.1831
"204","KENAI_WQX-10000020_07/20/2004_10:20:00","2004-07-20","mg/l","KBL_t_19.0",49.60349
"205","KENAI_WQX-10000020_07/22/2003_10:38:00","2003-07-22","mg/l","KBL_t_19.0",67.6005
"206","KENAI_WQX-10000020_07/25/2006_08:45:00","2006-07-25","mg/l","KBL_t_19.0",43.45361
"207","KENAI_WQX-10000020_07/29/2008_09:28:00","2008-07-29","mg/l","KBL_t_19.0",39.90126
"208","KENAI_WQX-10000020_2001-07-24_11:40:00","2001-07-24","mg/l","KBL_t_19.0",47.2894
"209","KENAI_WQX-10000020_2005-07-26_07:55:00","2005-07-26","mg/l","KBL_t_19.0",25.10387
"210","KENAI_WQX-10000020_2006-04-25_12:35:00","2006-04-25","mg/l","KBL_t_19.0",24.64073
"211","KENAI_WQX-10000020_2007-05-01_09:25:00","2007-05-01","mg/l","KBL_t_19.0",29.51565
"212","KENAI_WQX-10000020_2009-04-28_10:00:00","2009-04-28","mg/l","KBL_t_19.0",26.45714
"213","KENAI_WQX-10000020_2009-07-21_10:15:00","2009-07-21","mg/l","KBL_t_19.0",45.33276
"214","KENAI_WQX-10000020_2010-04-27_09:26:00","2010-04-27","mg/l","KBL_t_19.0",31.40078
"215","KENAI_WQX-10000020_2010-07-27_9:50:00","2010-07-27","mg/l","KBL_t_19.0",45.66507
"216","KENAI_WQX-10000020_2011-04-26_09:25:00","2011-04-26","mg/l","KBL_t_19.0",36.49552
"217","KENAI_WQX-10000020_2012-05-01_09:32","2012-05-01","mg/l","KBL_t_19.0",22.77438
"218","KENAI_WQX-10000020_2012/07/31_09:38:00","2012-07-31","mg/l","KBL_t_19.0",63.08647
"219","KENAI_WQX-10000020_2013/05/07_09:35","2013-05-07","mg/l","KBL_t_19.0",23.22
"220","KENAI_WQX-10000021_04/10/2002_10:25:00","2002-04-10","mg/l","KBL_m_21.0",36.16875
"221","KENAI_WQX-10000021_04/11/2001_11:21:00","2001-04-11","mg/l","KBL_m_21.0",32.0726
"222","KENAI_WQX-10000021_04/22/2008_11:12:00","2008-04-22","mg/l","KBL_m_21.0",32.397
"223","KENAI_WQX-10000021_04/26/2005_14:25:00","2005-04-26","mg/l","KBL_m_21.0",32.79866
"224","KENAI_WQX-10000021_04/27/2004_12:10:00","2004-04-27","mg/l","KBL_m_21.0",28.53668
"225","KENAI_WQX-10000021_04/29/2003_12:49:00","2003-04-29","mg/l","KBL_m_21.0",31.1485
"226","KENAI_WQX-10000021_05/01/2007_12:00:00","2007-05-01","mg/l","KBL_m_21.0",27.80017
"227","KENAI_WQX-10000021_07/16/2002_12:49:00","2002-07-16","mg/l","KBL_m_21.0",29.57602
"228","KENAI_WQX-10000021_07/17/2007_10:53:00","2007-07-17","mg/l","KBL_m_21.0",27.648443
"229","KENAI_WQX-10000021_07/18/2000_09:30:00","2000-07-18","mg/l","KBL_m_21.0",29.45075
"230","KENAI_WQX-10000021_07/20/2004_10:45:00","2004-07-20","mg/l","KBL_m_21.0",29.935397
"231","KENAI_WQX-10000021_07/22/2003_11:30:00","2003-07-22","mg/l","KBL_m_21.0",27.8405
"232","KENAI_WQX-10000021_07/25/2006_09:48:00","2006-07-25","mg/l","KBL_m_21.0",29.95015
"233","KENAI_WQX-10000021_07/29/2008_10:15:00","2008-07-29","mg/l","KBL_m_21.0",31.581881
"234","KENAI_WQX-10000021_2001-07-24_12:03:00","2001-07-24","mg/l","KBL_m_21.0",29.089
"235","KENAI_WQX-10000021_2005-07-26_09:00:00","2005-07-26","mg/l","KBL_m_21.0",29.427759
"236","KENAI_WQX-10000021_2006-04-25_11:45:00","2006-04-25","mg/l","KBL_m_21.0",33.38812
"237","KENAI_WQX-10000021_2009-04-28_11:19:00","2009-04-28","mg/l","KBL_m_21.0",27.8499
"238","KENAI_WQX-10000021_2009-07-21_11:30:00","2009-07-21","mg/l","KBL_m_21.0",31.54225
"239","KENAI_WQX-10000021_2010-04-27_10:23:00","2010-04-27","mg/l","KBL_m_21.0",33.76395
"240","KENAI_WQX-10000021_2010-07-27_10:22:00","2010-07-27","mg/l","KBL_m_21.0",28.436941
"241","KENAI_WQX-10000021_2011-04-26_10:10:00","2011-04-26","mg/l","KBL_m_21.0",29.81015
"242","KENAI_WQX-10000021_2012-05-01_10:22","2012-05-01","mg/l","KBL_m_21.0",29.43325
"243","KENAI_WQX-10000021_2012/07/31_11:11:00","2012-07-31","mg/l","KBL_m_21.0",30.152145
"244","KENAI_WQX-10000021_2013/05/07_10:34","2013-05-07","mg/l","KBL_m_21.0",30.711
"245","KENAI_WQX-10000022_04/10/2002_11:10:00","2002-04-10","mg/l","KBL_t_22.0",86.00832
"246","KENAI_WQX-10000022_04/11/2001_11:45:00","2001-04-11","mg/l","KBL_t_22.0",38.9127
"247","KENAI_WQX-10000022_04/22/2008_12:08:00","2008-04-22","mg/l","KBL_t_22.0",40.97732
"248","KENAI_WQX-10000022_04/26/2005_11:35:00","2005-04-26","mg/l","KBL_t_22.0",38.40562
"249","KENAI_WQX-10000022_04/27/2004_09:30:00","2004-04-27","mg/l","KBL_t_22.0",30.81665
"250","KENAI_WQX-10000022_04/29/2003_09:30:00","2003-04-29","mg/l","KBL_t_22.0",59.92915
"251","KENAI_WQX-10000022_05/01/2007_11:07:00","2007-05-01","mg/l","KBL_t_22.0",48.14927
"252","KENAI_WQX-10000022_07/16/2002_13:08:00","2002-07-16","mg/l","KBL_t_22.0",79.51824
"253","KENAI_WQX-10000022_07/17/2007_12:28:00","2007-07-17","mg/l","KBL_t_22.0",52.67226
"254","KENAI_WQX-10000022_07/18/2000_09:16:00","2000-07-18","mg/l","KBL_t_22.0",68.9493
"255","KENAI_WQX-10000022_07/20/2004_11:51:00","2004-07-20","mg/l","KBL_t_22.0",86.5393
"256","KENAI_WQX-10000022_07/22/2003_09:00:00","2003-07-22","mg/l","KBL_t_22.0",81.2956
"257","KENAI_WQX-10000022_07/25/2006_10:48:00","2006-07-25","mg/l","KBL_t_22.0",70.67928
"258","KENAI_WQX-10000022_07/29/2008_10:56:00","2008-07-29","mg/l","KBL_t_22.0",54.13183
"259","KENAI_WQX-10000022_2001-07-24_12:16:00","2001-07-24","mg/l","KBL_t_22.0",54.3429
"260","KENAI_WQX-10000022_2005-07-26_10:00:00","2005-07-26","mg/l","KBL_t_22.0",79.93889
"261","KENAI_WQX-10000022_2006-04-25_09:55:00","2006-04-25","mg/l","KBL_t_22.0",43.04962
"262","KENAI_WQX-10000022_2009-04-28_12:31:00","2009-04-28","mg/l","KBL_t_22.0",35.96496
"263","KENAI_WQX-10000022_2009-07-21_12:45:00","2009-07-21","mg/l","KBL_t_22.0",77.72766
"264","KENAI_WQX-10000022_2010-04-27_11:12:00","2010-04-27","mg/l","KBL_t_22.0",45.78608
"265","KENAI_WQX-10000022_2010-07-27_10:52:00","2010-07-27","mg/l","KBL_t_22.0",53.8435
"266","KENAI_WQX-10000022_2011-04-26_11:00:00","2011-04-26","mg/l","KBL_t_22.0",38.40562
"267","KENAI_WQX-10000022_2012-05-01_11:38","2012-05-01","mg/l","KBL_t_22.0",33.01871
"268","KENAI_WQX-10000022_2012/07/31_11:58:00","2012-07-31","mg/l","KBL_t_22.0",68.57091
"269","KENAI_WQX-10000022_2013/05/07_11:28","2013-05-07","mg/l","KBL_t_22.0",34.83
"270","KENAI_WQX-10000023_04/10/2002_11:40:00","2002-04-10","mg/l","KBL_m_23.0",33.74922
"271","KENAI_WQX-10000023_04/11/2001_12:20:00","2001-04-11","mg/l","KBL_m_23.0",32.572
"272","KENAI_WQX-10000023_04/22/2008_12:08:00","2008-04-22","mg/l","KBL_m_23.0",33.22848
"273","KENAI_WQX-10000023_04/26/2005_12:35:00","2005-04-26","mg/l","KBL_m_23.0",36.7913
"274","KENAI_WQX-10000023_04/27/2004_10:30:00","2004-04-27","mg/l","KBL_m_23.0",30.75026
"275","KENAI_WQX-10000023_04/29/2003_10:15:00","2003-04-29","mg/l","KBL_m_23.0",33.2336
"276","KENAI_WQX-10000023_05/01/2007_10:50:00","2007-05-01","mg/l","KBL_m_23.0",28.27844
"277","KENAI_WQX-10000023_07/16/2002_13:25:00","2002-07-16","mg/l","KBL_m_23.0",29.31885
"278","KENAI_WQX-10000023_07/17/2007_13:40:00","2007-07-17","mg/l","KBL_m_23.0",5.914469
"279","KENAI_WQX-10000023_07/18/2000_09:00:00","2000-07-18","mg/l","KBL_m_23.0",29.26358
"280","KENAI_WQX-10000023_07/20/2004_11:32:00","2004-07-20","mg/l","KBL_m_23.0",29.250642
"281","KENAI_WQX-10000023_07/22/2003_09:40:00","2003-07-22","mg/l","KBL_m_23.0",27.96663
"282","KENAI_WQX-10000023_07/25/2006_11:50:00","2006-07-25","mg/l","KBL_m_23.0",29.51328
"283","KENAI_WQX-10000023_07/25/2006_12:17:00","2006-07-25","mg/l","KBL_m_23.0",30.69541
"284","KENAI_WQX-10000023_07/26/2005_10:50:00","2005-07-26","mg/l","KBL_m_23.0",28.331383
"285","KENAI_WQX-10000023_07/29/2008_11:26:00","2008-07-29","mg/l","KBL_m_23.0",30.63095
"286","KENAI_WQX-10000023_2001-07-24_12:28:00","2001-07-24","mg/l","KBL_m_23.0",31.586
"287","KENAI_WQX-10000023_2006-04-25_10:45:00","2006-04-25","mg/l","KBL_m_23.0",30.53428
"288","KENAI_WQX-10000023_2009-04-28_13:23:00","2009-04-28","mg/l","KBL_m_23.0",30.07842
"289","KENAI_WQX-10000023_2009-07-21_13:40:00","2009-07-21","mg/l","KBL_m_23.0",31.25136
"290","KENAI_WQX-10000023_2010-04-27_12:00:00","2010-04-27","mg/l","KBL_m_23.0",33.6455
"291","KENAI_WQX-10000023_2010-07-27_11:13:00","2010-07-27","mg/l","KBL_m_23.0",27.233215
"292","KENAI_WQX-10000023_2011-04-26_11:38:00","2011-04-26","mg/l","KBL_m_23.0",32.39444
"293","KENAI_WQX-10000023_2012-05-01_12:22","2012-05-01","mg/l","KBL_m_23.0",32.35581
"294","KENAI_WQX-10000023_2012/07/31_12:36:00","2012-07-31","mg/l","KBL_m_23.0",30.319465
"295","KENAI_WQX-10000023_2013/05/07_12:07","2013-05-07","mg/l","KBL_m_23.0",33.208
"296","KENAI_WQX-10000024_04/10/2002_12:13:00","2002-04-10","mg/l","KBL_t_30.0",43.0492
"297","KENAI_WQX-10000024_04/11/2001_13:00:00","2001-04-11","mg/l","KBL_t_30.0",35.95365
"298","KENAI_WQX-10000024_04/22/2008_07:38:00","2008-04-22","mg/l","KBL_t_30.0",35.48904
"299","KENAI_WQX-10000024_04/26/2005_12:00:00","2005-04-26","mg/l","KBL_t_30.0",33.96694
"300","KENAI_WQX-10000024_04/27/2004_09:30:00","2004-04-27","mg/l","KBL_t_30.0",25.8139
"301","KENAI_WQX-10000024_04/27/2004_13:00:00","2004-04-27","mg/l","KBL_t_30.0",25.73899
"302","KENAI_WQX-10000024_04/29/2003_09:30:00","2003-04-29","mg/l","KBL_t_30.0",31.5839
"303","KENAI_WQX-10000024_07/16/2002_12:48:00","2002-07-16","mg/l","KBL_t_30.0",31.93497
"304","KENAI_WQX-10000024_07/17/2007_11:47:00","2007-07-17","mg/l","KBL_t_30.0",27.484986
"305","KENAI_WQX-10000024_07/18/2000_11:34:00","2000-07-18","mg/l","KBL_t_30.0",35.35416
"306","KENAI_WQX-10000024_07/20/2004_11:38:00","2004-07-20","mg/l","KBL_t_30.0",37.39807
"307","KENAI_WQX-10000024_07/22/2003_11:55:00","2003-07-22","mg/l","KBL_t_30.0",37.3142
"308","KENAI_WQX-10000024_07/25/2006_09:30:00","2006-07-25","mg/l","KBL_t_30.0",37.22307
"309","KENAI_WQX-10000024_07/26/2005_15:20:00","2005-07-26","mg/l","KBL_t_30.0",41.67243
"310","KENAI_WQX-10000024_07/29/2008_09:45:00","2008-07-29","mg/l","KBL_t_30.0",27.43716
"311","KENAI_WQX-10000024_2001-07-24_11:26:00","2001-07-24","mg/l","KBL_t_30.0",33.4321
"312","KENAI_WQX-10000024_2006-04-25_13:27:00","2006-04-25","mg/l","KBL_t_30.0",38.54713
"313","KENAI_WQX-10000024_2006-04-25_13:31:00","2006-04-25","mg/l","KBL_t_30.0",42.38313
"314","KENAI_WQX-10000024_2007-05-01_09:57:00","2007-05-01","mg/l","KBL_t_30.0",31.14063
"315","KENAI_WQX-10000024_2009-04-28_12:48:00","2009-04-28","mg/l","KBL_t_30.0",24.55729
"316","KENAI_WQX-10000024_2009-07-21_14:45:00","2009-07-21","mg/l","KBL_t_30.0",40.17935
"317","KENAI_WQX-10000024_2010-04-27_11:52:00","2010-04-27","mg/l","KBL_t_30.0",30.82242
"318","KENAI_WQX-10000024_2010-07-27_11:37:00","2010-07-27","mg/l","KBL_t_30.0",30.49418
"319","KENAI_WQX-10000024_2011-04-26_09:00:00","2011-04-26","mg/l","KBL_t_30.0",25.20608
"320","KENAI_WQX-10000024_2011-04-26_09:32:00","2011-04-26","mg/l","KBL_t_30.0",24.81531
"321","KENAI_WQX-10000024_2012-05-01_09:22","2012-05-01","mg/l","KBL_t_30.0",27.27838
"322","KENAI_WQX-10000024_2012/07/31_09:30:00","2012-07-31","mg/l","KBL_t_30.0",35.43675
"323","KENAI_WQX-10000024_2013/05/07_09:01","2013-05-07","mg/l","KBL_t_30.0",23.22
"324","KENAI_WQX-10000025_04/10/2002_10:39:00","2002-04-10","mg/l","KBL_m_31.0",36.98785
"325","KENAI_WQX-10000025_04/11/2001_11:18:00","2001-04-11","mg/l","KBL_m_31.0",34.6443
"326","KENAI_WQX-10000025_04/22/2008_09:22:00","2008-04-22","mg/l","KBL_m_31.0",43.32469
"327","KENAI_WQX-10000025_04/26/2005_09:55:00","2005-04-26","mg/l","KBL_m_31.0",39.49681
"328","KENAI_WQX-10000025_04/27/2004_10:55:00","2004-04-27","mg/l","KBL_m_31.0",30.8177
"329","KENAI_WQX-10000025_04/29/2003_11:30:00","2003-04-29","mg/l","KBL_m_31.0",32.8217
"330","KENAI_WQX-10000025_07/16/2002_10:52:00","2002-07-16","mg/l","KBL_m_31.0",26.80819
"331","KENAI_WQX-10000025_07/17/2007_10:35:00","2007-07-17","mg/l","KBL_m_31.0",28.56463
"332","KENAI_WQX-10000025_07/18/2000_09:06:00","2000-07-18","mg/l","KBL_m_31.0",30.075
"333","KENAI_WQX-10000025_07/20/2004_10:30:00","2004-07-20","mg/l","KBL_m_31.0",29.861255
"334","KENAI_WQX-10000025_07/22/2003_10:45:00","2003-07-22","mg/l","KBL_m_31.0",27.92544
"335","KENAI_WQX-10000025_07/25/2006_11:20:00","2006-07-25","mg/l","KBL_m_31.0",29.27233
"336","KENAI_WQX-10000025_07/26/2005_13:40:00","2005-07-26","mg/l","KBL_m_31.0",42.088852
"337","KENAI_WQX-10000025_07/29/2008_11:05:00","2008-07-29","mg/l","KBL_m_31.0",31.75332
"338","KENAI_WQX-10000025_2001-07-24_10:00:00","2001-07-24","mg/l","KBL_m_31.0",28.932478
"339","KENAI_WQX-10000025_2006-04-25_11:20:00","2006-04-25","mg/l","KBL_m_31.0",38.12986
"340","KENAI_WQX-10000025_2007-05-01_11:23:00","2007-05-01","mg/l","KBL_m_31.0",29.14364
"341","KENAI_WQX-10000025_2009-04-28_11:15:00","2009-04-28","mg/l","KBL_m_31.0",37.07451
"342","KENAI_WQX-10000025_2009-07-21_13:00:00","2009-07-21","mg/l","KBL_m_31.0",31.430758
"343","KENAI_WQX-10000025_2010-04-27_10:30:00","2010-04-27","mg/l","KBL_m_31.0",37.05124
"344","KENAI_WQX-10000025_2010-07-27_10:20:00","2010-07-27","mg/l","KBL_m_31.0",27.954017
"345","KENAI_WQX-10000025_2011-04-26_11:25:00","2011-04-26","mg/l","KBL_m_31.0",34.39204
"346","KENAI_WQX-10000025_2012-05-01_10:35","2012-05-01","mg/l","KBL_m_31.0",33.6455
"347","KENAI_WQX-10000025_2012/07/31_12:00:00","2012-07-31","mg/l","KBL_m_31.0",30.311227
"348","KENAI_WQX-10000025_2013/05/07_10:11","2013-05-07","mg/l","KBL_m_31.0",26.592
"349","KENAI_WQX-10000025_2013/05/07_10:24","2013-05-07","mg/l","KBL_m_31.0",26.592
"350","KENAI_WQX-10000026_04/10/2002_15:10:00","2002-04-10","mg/l","KBL_t_36.0",82.15522
"351","KENAI_WQX-10000026_04/11/2001_10:05:00","2001-04-11","mg/l","KBL_t_36.0",33.1333
"352","KENAI_WQX-10000026_04/22/2008_10:31:00","2008-04-22","mg/l","KBL_t_36.0",55.88718
"353","KENAI_WQX-10000026_04/26/2005_08:13:00","2005-04-26","mg/l","KBL_t_36.0",55.42897
"354","KENAI_WQX-10000026_04/27/2004_09:40:00","2004-04-27","mg/l","KBL_t_36.0",32.0534
"355","KENAI_WQX-10000026_04/29/2003_13:00:00","2003-04-29","mg/l","KBL_t_36.0",57.303
"356","KENAI_WQX-10000026_05/01/2007_12:32:00","2007-05-01","mg/l","KBL_t_36.0",41.76482
"357","KENAI_WQX-10000026_07/16/2002_09:45:00","2002-07-16","mg/l","KBL_t_36.0",71.69982
"358","KENAI_WQX-10000026_07/17/2007_09:36:00","2007-07-17","mg/l","KBL_t_36.0",56.63651
"359","KENAI_WQX-10000026_07/17/2007_09:45:00","2007-07-17","mg/l","KBL_t_36.0",30.55178
"360","KENAI_WQX-10000026_07/18/2000_10:00:00","2000-07-18","mg/l","KBL_t_36.0",77.2406
"361","KENAI_WQX-10000026_07/20/2004_09:39:00","2004-07-20","mg/l","KBL_t_36.0",81.30794
"362","KENAI_WQX-10000026_07/22/2003_10:00:00","2003-07-22","mg/l","KBL_t_36.0",78.4635
"363","KENAI_WQX-10000026_07/25/2006_12:10:00","2006-07-25","mg/l","KBL_t_36.0",77.18405
"364","KENAI_WQX-10000026_07/26/2005_12:10:00","2005-07-26","mg/l","KBL_t_36.0",75.53389
"365","KENAI_WQX-10000026_07/29/2008_11:45:00","2008-07-29","mg/l","KBL_t_36.0",50.20319
"366","KENAI_WQX-10000026_2001-07-24_08:54:00","2001-07-24","mg/l","KBL_t_36.0",74.7564
"367","KENAI_WQX-10000026_2006-04-25_09:45:00","2006-04-25","mg/l","KBL_t_36.0",53.06066
"368","KENAI_WQX-10000026_2009-04-28_10:24:00","2009-04-28","mg/l","KBL_t_36.0",32.43307
"369","KENAI_WQX-10000026_2009-07-21_12:00:00","2009-07-21","mg/l","KBL_t_36.0",76.68721
"370","KENAI_WQX-10000026_2010-04-27_09:22:00","2010-04-27","mg/l","KBL_t_36.0",54.72362
"371","KENAI_WQX-10000026_2010-04-27_09:30:00","2010-04-27","mg/l","KBL_t_36.0",54.88838
"372","KENAI_WQX-10000026_2010-07-27_9:30:00","2010-07-27","mg/l","KBL_t_36.0",65.81863
"373","KENAI_WQX-10000026_2011-04-26_12:10:00","2011-04-26","mg/l","KBL_t_36.0",46.16936
"374","KENAI_WQX-10000026_2012-05-01_11:22","2012-05-01","mg/l","KBL_t_36.0",41.685
"375","KENAI_WQX-10000026_2012/07/31_11:00:00","2012-07-31","mg/l","KBL_t_36.0",70.59132
"376","KENAI_WQX-10000026_2013/05/07_11:16","2013-05-07","mg/l","KBL_t_36.0",28.214
"377","KENAI_WQX-10000027_04/10/2002_12:10:00","2002-04-10","mg/l","KBL_m_40.0",29.10778
"378","KENAI_WQX-10000027_04/11/2001_13:30:00","2001-04-11","mg/l","KBL_m_40.0",29.8381
"379","KENAI_WQX-10000027_04/22/2008_13:58:00","2008-04-22","mg/l","KBL_m_40.0",26.940277
"380","KENAI_WQX-10000027_04/26/2005_14:30:00","2005-04-26","mg/l","KBL_m_40.0",31.45219
"381","KENAI_WQX-10000027_04/27/2004_14:05:00","2004-04-27","mg/l","KBL_m_40.0",29.62703
"382","KENAI_WQX-10000027_04/29/2003_12:00:00","2003-04-29","mg/l","KBL_m_40.0",28.3399
"383","KENAI_WQX-10000027_05/01/2007_14:35:00","2007-05-01","mg/l","KBL_m_40.0",25.821258
"384","KENAI_WQX-10000027_07/16/2002_13:09:00","2002-07-16","mg/l","KBL_m_40.0",27.08414
"385","KENAI_WQX-10000027_07/17/2007_12:42:00","2007-07-17","mg/l","KBL_m_40.0",138.9232
"386","KENAI_WQX-10000027_07/18/2000_07:50:00","2000-07-18","mg/l","KBL_m_40.0",29.20126
"387","KENAI_WQX-10000027_07/20/2004_07:36:00","2004-07-20","mg/l","KBL_m_40.0",31.016577
"388","KENAI_WQX-10000027_07/22/2003_10:33:00","2003-07-22","mg/l","KBL_m_40.0",27.51098
"389","KENAI_WQX-10000027_07/25/2006_11:08:00","2006-07-25","mg/l","KBL_m_40.0",29.45843
"390","KENAI_WQX-10000027_07/26/2005_12:15:00","2005-07-26","mg/l","KBL_m_40.0",27.492433
"391","KENAI_WQX-10000027_07/29/2008_13:06:00","2008-07-29","mg/l","KBL_m_40.0",28.962312
"392","KENAI_WQX-10000027_2001-07-24_10:05:00","2001-07-24","mg/l","KBL_m_40.0",28.870693
"393","KENAI_WQX-10000027_2006-04-25_14:17:00","2006-04-25","mg/l","KBL_m_40.0",29.70941
"394","KENAI_WQX-10000027_2009-04-28_14:15:00","2009-04-28","mg/l","KBL_m_40.0",25.204222
"395","KENAI_WQX-10000027_2009-07-21_13:21:00","2009-07-21","mg/l","KBL_m_40.0",30.529534
"396","KENAI_WQX-10000027_2010-04-27_12:35:00","2010-04-27","mg/l","KBL_m_40.0",29.67078
"397","KENAI_WQX-10000027_2010-07-27_12:42:00","2010-07-27","mg/l","KBL_m_40.0",32.200174
"398","KENAI_WQX-10000027_2011-04-26_12:36:00","2011-04-26","mg/l","KBL_m_40.0",27.833798
"399","KENAI_WQX-10000027_2012-05-01_12:26","2012-05-01","mg/l","KBL_m_40.0",28.676332
"400","KENAI_WQX-10000027_2012/07/31_11:32:00","2012-07-31","mg/l","KBL_m_40.0",29.896767
"401","KENAI_WQX-10000027_2013/05/07_13:23","2013-05-07","mg/l","KBL_m_40.0",29.089
"402","KENAI_WQX-10000028_04/10/2002_10:51:00","2002-04-10","mg/l","KBL_m_43.0",29.66459
"403","KENAI_WQX-10000028_04/11/2001_09:05:00","2001-04-11","mg/l","KBL_m_43.0",29.5884
"404","KENAI_WQX-10000028_04/22/2008_13:13:00","2008-04-22","mg/l","KBL_m_43.0",28.30618
"405","KENAI_WQX-10000028_04/26/2005_11:48:00","2005-04-26","mg/l","KBL_m_43.0",32.1473
"406","KENAI_WQX-10000028_04/27/2004_12:55:00","2004-04-27","mg/l","KBL_m_43.0",28.68436
"407","KENAI_WQX-10000028_04/29/2003_10:50:00","2003-04-29","mg/l","KBL_m_43.0",27.75812
"408","KENAI_WQX-10000028_05/01/2007_13:40:00","2007-05-01","mg/l","KBL_m_43.0",25.660128
"409","KENAI_WQX-10000028_07/16/2002_12:24:00","2002-07-16","mg/l","KBL_m_43.0",27.12661
"410","KENAI_WQX-10000028_07/17/2007_11:07:00","2007-07-17","mg/l","KBL_m_43.0",25.48457
"411","KENAI_WQX-10000028_07/18/2000_07:35:00","2000-07-18","mg/l","KBL_m_43.0",NA
"412","KENAI_WQX-10000028_07/18/2000_07:50:00","2000-07-18","mg/l","KBL_m_43.0",NA
"413","KENAI_WQX-10000028_07/20/2004_11:01:00","2004-07-20","mg/l","KBL_m_43.0",29.188857
"414","KENAI_WQX-10000028_07/22/2003_10:03:00","2003-07-22","mg/l","KBL_m_43.0",28.05157
"415","KENAI_WQX-10000028_07/25/2006_10:07:00","2006-07-25","mg/l","KBL_m_43.0",29.17501
"416","KENAI_WQX-10000028_07/26/2005_11:14:00","2005-07-26","mg/l","KBL_m_43.0",27.450219
"417","KENAI_WQX-10000028_07/29/2008_12:11:00","2008-07-29","mg/l","KBL_m_43.0",28.80323
"418","KENAI_WQX-10000028_2001-07-24_09:40:00","2001-07-24","mg/l","KBL_m_43.0",28.281676
"419","KENAI_WQX-10000028_2006-04-25_12:47:00","2006-04-25","mg/l","KBL_m_43.0",29.68188
"420","KENAI_WQX-10000028_2009-04-28_13:08:00","2009-04-28","mg/l","KBL_m_43.0",26.25736
"421","KENAI_WQX-10000028_2009-07-21_10:43:00","2009-07-21","mg/l","KBL_m_43.0",30.079562
"422","KENAI_WQX-10000028_2010-04-27_11:30:00","2010-04-27","mg/l","KBL_m_43.0",29.567805
"423","KENAI_WQX-10000028_2010-07-27_11:47:00","2010-07-27","mg/l","KBL_m_43.0",33.188176
"424","KENAI_WQX-10000028_2011-04-26_11:30:00","2011-04-26","mg/l","KBL_m_43.0",28.25496
"425","KENAI_WQX-10000028_2012-05-01_11:06","2012-05-01","mg/l","KBL_m_43.0",28.354817
"426","KENAI_WQX-10000028_2012/07/31_10:16:00","2012-07-31","mg/l","KBL_m_43.0",29.028216
"427","KENAI_WQX-10000028_2013/05/07_12:16","2013-05-07","mg/l","KBL_m_43.0",29.089
"428","KENAI_WQX-10000029_04/10/2002_10:00:00","2002-04-10","mg/l","KBL_t_44.0",26.51027
"429","KENAI_WQX-10000029_04/11/2001_10:40:00","2001-04-11","mg/l","KBL_t_44.0",29.6759
"430","KENAI_WQX-10000029_04/22/2008_12:16:00","2008-04-22","mg/l","KBL_t_44.0",22.12067
"431","KENAI_WQX-10000029_04/26/2005_11:30:00","2005-04-26","mg/l","KBL_t_44.0",27.62752
"432","KENAI_WQX-10000029_04/27/2004_12:05:00","2004-04-27","mg/l","KBL_t_44.0",25.795474
"433","KENAI_WQX-10000029_04/29/2003_10:00:00","2003-04-29","mg/l","KBL_t_44.0",23.8325
"434","KENAI_WQX-10000029_05/01/2007_11:53:00","2007-05-01","mg/l","KBL_t_44.0",23.40033
"435","KENAI_WQX-10000029_07/16/2002_11:53:00","2002-07-16","mg/l","KBL_t_44.0",28.79085
"436","KENAI_WQX-10000029_07/17/2007_09:56:00","2007-07-17","mg/l","KBL_t_44.0",19.66807
"437","KENAI_WQX-10000029_07/18/2000_07:17:00","2000-07-18","mg/l","KBL_t_44.0",20.98445
"438","KENAI_WQX-10000029_07/20/2004_10:31:00","2004-07-20","mg/l","KBL_t_44.0",14.89922
"439","KENAI_WQX-10000029_07/22/2003_09:35:00","2003-07-22","mg/l","KBL_t_44.0",14.8305
"440","KENAI_WQX-10000029_07/26/2005_10:18:00","2005-07-26","mg/l","KBL_t_44.0",57.40051
"441","KENAI_WQX-10000029_07/29/2008_10:09:00","2008-07-29","mg/l","KBL_t_44.0",17.05218
"442","KENAI_WQX-10000029_2001-07-24_09:06:00","2001-07-24","mg/l","KBL_t_44.0",15.2552
"443","KENAI_WQX-10000029_2006-04-25_11:17:00","2006-04-25","mg/l","KBL_t_44.0",23.18051
"444","KENAI_WQX-10000029_2006-07-25_09:08:00","2006-07-25","mg/l","KBL_t_44.0",28.68889
"445","KENAI_WQX-10000029_2009-04-28_11:28:00","2009-04-28","mg/l","KBL_t_44.0",22.44016
"446","KENAI_WQX-10000029_2009-07-21_09:41:00","2009-07-21","mg/l","KBL_t_44.0",16.00707
"447","KENAI_WQX-10000029_2010-04-27_10:29:00","2010-04-27","mg/l","KBL_t_44.0",25.58019
"448","KENAI_WQX-10000029_2010-07-27_11:03:00","2010-07-27","mg/l","KBL_t_44.0",14.63991
"449","KENAI_WQX-10000029_2011-04-26_10:41:00","2011-04-26","mg/l","KBL_t_44.0",23.25179
"450","KENAI_WQX-10000029_2012-05-01_10:20","2012-05-01","mg/l","KBL_t_44.0",26.31819
"451","KENAI_WQX-10000029_2012/07/31_09:28:00","2012-07-31","mg/l","KBL_t_44.0",15.27675
"452","KENAI_WQX-10000029_2013/05/07_11:26","2013-05-07","mg/l","KBL_t_44.0",19.101
"453","KENAI_WQX-10000030_04/10/2002_07:23:00","2002-04-10","mg/l","KBL_m_50.0",29.13915
"454","KENAI_WQX-10000030_04/11/2001_14:45:00","2001-04-11","mg/l","KBL_m_50.0",30.1753
"455","KENAI_WQX-10000030_04/22/2008_08:58:00","2008-04-22","mg/l","KBL_m_50.0",28.2652
"456","KENAI_WQX-10000030_04/26/2005_07:40:00","2005-04-26","mg/l","KBL_m_50.0",31.101517
"457","KENAI_WQX-10000030_04/27/2004_09:05:00","2004-04-27","mg/l","KBL_m_50.0",29.58628
"458","KENAI_WQX-10000030_04/29/2003_07:40:00","2003-04-29","mg/l","KBL_m_50.0",28.80067
"459","KENAI_WQX-10000030_07/16/2002_10:16:00","2002-07-16","mg/l","KBL_m_50.0",28.60859
"460","KENAI_WQX-10000030_07/17/2007_08:20:00","2007-07-17","mg/l","KBL_m_50.0",27.048093
"461","KENAI_WQX-10000030_07/18/2000_06:44:00","2000-07-18","mg/l","KBL_m_50.0",29.9256
"462","KENAI_WQX-10000030_07/20/2004_09:02:00","2004-07-20","mg/l","KBL_m_50.0",31.320825
"463","KENAI_WQX-10000030_07/22/2003_08:15:00","2003-07-22","mg/l","KBL_m_50.0",28.42996
"464","KENAI_WQX-10000030_07/25/2006_08:04:00","2006-07-25","mg/l","KBL_m_50.0",31.296111
"465","KENAI_WQX-10000030_07/26/2005_08:26:00","2005-07-26","mg/l","KBL_m_50.0",29.694936
"466","KENAI_WQX-10000030_07/29/2008_09:08:00","2008-07-29","mg/l","KBL_m_50.0",30.423441
"467","KENAI_WQX-10000030_2001-07-24_08:14:00","2001-07-24","mg/l","KBL_m_50.0",27.972751
"468","KENAI_WQX-10000030_2006-04-25_07:53:00","2006-04-25","mg/l","KBL_m_50.0",32.127591
"469","KENAI_WQX-10000030_2007-05-01_09:54:00","2007-05-01","mg/l","KBL_m_50.0",22.711807
"470","KENAI_WQX-10000030_2009-04-28_08:42:00","2009-04-28","mg/l","KBL_m_50.0",25.761754
"471","KENAI_WQX-10000030_2009-07-21_08:27:00","2009-07-21","mg/l","KBL_m_50.0",33.0842
"472","KENAI_WQX-10000030_2010-04-27_08:07:00","2010-04-27","mg/l","KBL_m_50.0",28.261081
"473","KENAI_WQX-10000030_2010-07-27_9:06:00","2010-07-27","mg/l","KBL_m_50.0",34.111275
"474","KENAI_WQX-10000030_2011-04-26_08:20:00","2011-04-26","mg/l","KBL_m_50.0",28.26776
"475","KENAI_WQX-10000030_2012-05-01_08:09","2012-05-01","mg/l","KBL_m_50.0",30.336942
"476","KENAI_WQX-10000030_2012/07/31_09:28:00","2012-07-31","mg/l","KBL_m_50.0",31.418122
"477","KENAI_WQX-10000030_2013/05/07_08:12","2013-05-07","mg/l","KBL_m_50.0",NA
"478","KENAI_WQX-10000031_04/10/2002_12:10:00","2002-04-10","mg/l","KBL_m_70.0",37.49514
"479","KENAI_WQX-10000031_04/11/2001_10:35:00","2001-04-11","mg/l","KBL_m_70.0",40.3255
"480","KENAI_WQX-10000031_04/22/2008_11:00:00","2008-04-22","mg/l","KBL_m_70.0",40.07324
"481","KENAI_WQX-10000031_04/22/2008_11:14:00","2008-04-22","mg/l","KBL_m_70.0",40.36413
"482","KENAI_WQX-10000031_04/26/2005_11:25:00","2005-04-26","mg/l","KBL_m_70.0",39.32414
"483","KENAI_WQX-10000031_04/27/2004_11:00:00","2004-04-27","mg/l","KBL_m_70.0",38.32534
"484","KENAI_WQX-10000031_04/29/2003_09:09:00","2003-04-29","mg/l","KBL_m_70.0",36.53881
"485","KENAI_WQX-10000031_05/01/2007_09:50:00","2007-05-01","mg/l","KBL_m_70.0",37.45011
"486","KENAI_WQX-10000031_07/16/2002_09:40:00","2002-07-16","mg/l","KBL_m_70.0",31.57618
"487","KENAI_WQX-10000031_07/17/2007_10:15:00","2007-07-17","mg/l","KBL_m_70.0",35.812865
"488","KENAI_WQX-10000031_07/18/2000_11:40:00","2000-07-18","mg/l","KBL_m_70.0",47.8037
"489","KENAI_WQX-10000031_07/20/2004_10:04:00","2004-07-20","mg/l","KBL_m_70.0",36.20673
"490","KENAI_WQX-10000031_07/22/2003_09:10:00","2003-07-22","mg/l","KBL_m_70.0",33.79467
"491","KENAI_WQX-10000031_07/25/2006_10:46:00","2006-07-25","mg/l","KBL_m_70.0",35.37269
"492","KENAI_WQX-10000031_07/26/2005_09:45:00","2005-07-26","mg/l","KBL_m_70.0",35.0645445
"493","KENAI_WQX-10000031_07/29/2008_09:53:00","2008-07-29","mg/l","KBL_m_70.0",37.37029
"494","KENAI_WQX-10000031_2001-07-24_10:08:00","2001-07-24","mg/l","KBL_m_70.0",33.308628
"495","KENAI_WQX-10000031_2006-04-25_13:30:00","2006-04-25","mg/l","KBL_m_70.0",47.43043
"496","KENAI_WQX-10000031_2006-04-25_14:00:00","2006-04-25","mg/l","KBL_m_70.0",47.76251
"497","KENAI_WQX-10000031_2009-04-28_10:15:00","2009-04-28","mg/l","KBL_m_70.0",41.52769
"498","KENAI_WQX-10000031_2009-07-21_10:15:00","2009-07-21","mg/l","KBL_m_70.0",40.11443
"499","KENAI_WQX-10000031_2010-04-27_09:53:00","2010-04-27","mg/l","KBL_m_70.0",40.19937
"500","KENAI_WQX-10000031_2010-07-27_10:00:00","2010-07-27","mg/l","KBL_m_70.0",40.979863
"501","KENAI_WQX-10000031_2011-04-26_09:18:00","2011-04-26","mg/l","KBL_m_70.0",42.32054
"502","KENAI_WQX-10000031_2012-05-01_13:15","2012-05-01","mg/l","KBL_m_70.0",39.15938
"503","KENAI_WQX-10000031_2012/07/31_10:55:00","2012-07-31","mg/l","KBL_m_70.0",36.198492
"504","KENAI_WQX-10000031_2013/05/07_10:20","2013-05-07","mg/l","KBL_m_70.0",41.574
"505","KENAI_WQX-10000032_04/10/2002_10:36:00","2002-04-10","mg/l","KBL_t_74.0",56.80912
"506","KENAI_WQX-10000032_04/11/2001_09:20:00","2001-04-11","mg/l","KBL_t_74.0",50.7254
"507","KENAI_WQX-10000032_04/22/2008_09:35:00","2008-04-22","mg/l","KBL_t_74.0",54.2959
"508","KENAI_WQX-10000032_04/26/2005_09:20:00","2005-04-26","mg/l","KBL_t_74.0",43.65398
"509","KENAI_WQX-10000032_04/26/2005_09:50:00","2005-04-26","mg/l","KBL_t_74.0",40.99478
"510","KENAI_WQX-10000032_04/27/2004_09:30:00","2004-04-27","mg/l","KBL_t_74.0",42.19953
"511","KENAI_WQX-10000032_04/29/2003_08:00:00","2003-04-29","mg/l","KBL_t_74.0",49.8888
"512","KENAI_WQX-10000032_07/16/2002_08:45:00","2002-07-16","mg/l","KBL_t_74.0",37.19059
"513","KENAI_WQX-10000032_07/17/2007_08:58:00","2007-07-17","mg/l","KBL_t_74.0",40.031492
"514","KENAI_WQX-10000032_07/18/2000_10:35:00","2000-07-18","mg/l","KBL_t_74.0",39.4142
"515","KENAI_WQX-10000032_07/20/2004_09:05:00","2004-07-20","mg/l","KBL_t_74.0",43.98606
"516","KENAI_WQX-10000032_07/22/2003_08:10:00","2003-07-22","mg/l","KBL_t_74.0",39.077
"517","KENAI_WQX-10000032_07/25/2006_09:20:00","2006-07-25","mg/l","KBL_t_74.0",45.85497
"518","KENAI_WQX-10000032_07/26/2005_08:45:00","2005-07-26","mg/l","KBL_t_74.0",42.69381
"519","KENAI_WQX-10000032_07/29/2008_08:53:00","2008-07-29","mg/l","KBL_t_74.0",37.350696
"520","KENAI_WQX-10000032_2001-07-24_09:19:00","2001-07-24","mg/l","KBL_t_74.0",35.92096
"521","KENAI_WQX-10000032_2006-04-25_11:45:00","2006-04-25","mg/l","KBL_t_74.0",44.3954
"522","KENAI_WQX-10000032_2007-05-01_09:00:00","2007-05-01","mg/l","KBL_t_74.0",39.178416
"523","KENAI_WQX-10000032_2009-04-28_08:55:00","2009-04-28","mg/l","KBL_t_74.0",52.30086
"524","KENAI_WQX-10000032_2009-07-21_09:05:00","2009-07-21","mg/l","KBL_t_74.0",46.31318
"525","KENAI_WQX-10000032_2010-04-27_11:00:00","2010-04-27","mg/l","KBL_t_74.0",45.98366
"526","KENAI_WQX-10000032_2010-07-27_9:00:00","2010-07-27","mg/l","KBL_t_74.0",42.340577
"527","KENAI_WQX-10000032_2011-04-26_08:35:00","2011-04-26","mg/l","KBL_t_74.0",42.717966
"528","KENAI_WQX-10000032_2012-05-01_11:40","2012-05-01","mg/l","KBL_t_74.0",37.33422
"529","KENAI_WQX-10000032_2012/07/31_09:40:00","2012-07-31","mg/l","KBL_t_74.0",39.733923
"530","KENAI_WQX-10000032_2013/05/07_09:20","2013-05-07","mg/l","KBL_t_74.0",56.556
"531","KENAI_WQX-10000424_07/21/2009_09:30:00","2009-07-21","mg/l","KBL_t_79.5",41.98334
"532","KENAI_WQX-10000424_2009-04-28_07:45:00","2009-04-28","mg/l","KBL_t_79.5",39.40396
"533","KENAI_WQX-10000424_2010-04-27_09:40:00","2010-04-27","mg/l","KBL_t_79.5",47.34549
"534","KENAI_WQX-10000424_2010-07-27_7:00:00","2010-07-27","mg/l","KBL_t_79.5",39.304546
"535","KENAI_WQX-10000424_2011-04-26_08:15:00","2011-04-26","mg/l","KBL_t_79.5",35.62239
"536","KENAI_WQX-10000424_2013/05/07_08:10","2013-05-07","mg/l","KBL_t_79.5",46.568
"537","KENAI_WQX-10000425_04/10/2002_08:33:00","2002-04-10","mg/l","KBL_m_82.0",32.63602
"538","KENAI_WQX-10000425_04/11/2001_08:20:00","2001-04-11","mg/l","KBL_m_82.0",36.3303
"539","KENAI_WQX-10000425_04/22/2008_08:10:00","2008-04-22","mg/l","KBL_m_82.0",35.453511
"540","KENAI_WQX-10000425_04/26/2005_08:10:00","2005-04-26","mg/l","KBL_m_82.0",37.28535
"541","KENAI_WQX-10000425_04/27/2004_08:00:00","2004-04-27","mg/l","KBL_m_82.0",33.70717
"542","KENAI_WQX-10000425_04/29/2003_07:00:00","2003-04-29","mg/l","KBL_m_82.0",31.33886
"543","KENAI_WQX-10000425_07/16/2002_07:45:00","2002-07-16","mg/l","KBL_m_82.0",31.11925
"544","KENAI_WQX-10000425_07/17/2007_07:50:00","2007-07-17","mg/l","KBL_m_82.0",35.604355
"545","KENAI_WQX-10000425_07/18/2000_09:10:00","2000-07-18","mg/l","KBL_m_82.0",33.9208
"546","KENAI_WQX-10000425_07/20/2004_07:53:00","2004-07-20","mg/l","KBL_m_82.0",35.911721
"547","KENAI_WQX-10000425_07/22/2003_07:10:00","2003-07-22","mg/l","KBL_m_82.0",33.83586
"548","KENAI_WQX-10000425_07/25/2006_08:13:00","2006-07-25","mg/l","KBL_m_82.0",34.454711
"549","KENAI_WQX-10000425_07/26/2005_07:45:00","2005-07-26","mg/l","KBL_m_82.0",35.133788
"550","KENAI_WQX-10000425_07/29/2008_08:00:00","2008-07-29","mg/l","KBL_m_82.0",35.399964
"551","KENAI_WQX-10000425_2001-07-24_08:11:00","2001-07-24","mg/l","KBL_m_82.0",38.446793
"552","KENAI_WQX-10000425_2006-04-25_10:30:00","2006-04-25","mg/l","KBL_m_82.0",38.52873
"553","KENAI_WQX-10000425_2009-04-28_07:30:00","2009-04-28","mg/l","KBL_m_82.0",37.20297
"554","KENAI_WQX-10000425_2009-07-21_08:05:00","2009-07-21","mg/l","KBL_m_82.0",39.53265
"555","KENAI_WQX-10000425_2010-04-27_08:35:00","2010-04-27","mg/l","KBL_m_82.0",35.420559
"556","KENAI_WQX-10000425_2010-07-27_7:55:00","2010-07-27","mg/l","KBL_m_82.0",39.82866
"557","KENAI_WQX-10000425_2011-04-26_07:50:00","2011-04-26","mg/l","KBL_m_82.0",29.379332
"558","KENAI_WQX-10000425_2012-05-01_09:55","2012-05-01","mg/l","KBL_m_82.0",35.465868
"559","KENAI_WQX-10000425_2012/07/31_08:30:00","2012-07-31","mg/l","KBL_m_82.0",37.12059
"560","KENAI_WQX-10000425_2013/05/07_07:30","2013-05-07","mg/l","KBL_m_82.0",NA
